{"is_source_file": true, "format": "Python", "description": "This file generates and saves an OpenAPI schema to a JSON file within the project structure.", "external_files": ["interfaces/openapi.json"], "external_methods": ["os.makedirs", "os.path.join", "json.dump"], "published": [], "classes": [], "methods": [{"name": "app.openapi", "description": "Method to generate the OpenAPI schema from the FastAPI app instance."}], "calls": ["app.openapi", "os.makedirs", "os.path.join", "json.dump"], "search-terms": ["generate_openapi", "OpenAPI schema", "FastAPI", "schema generation", "openapi.json"], "state": 2, "file_id": 3, "knowledge_revision": 7, "git_revision": "5384d3fc4d9a204a20a62b290e66f68f96ce84dd", "ctags": [{"_type": "tag", "name": "openapi_schema", "path": "/home/kavia/workspace/code-generation/gourmet-delivery-platform-202466-202475/backend_api/src/api/generate_openapi.py", "pattern": "/^openapi_schema = app.openapi()$/", "language": "Python", "kind": "variable"}, {"_type": "tag", "name": "output_dir", "path": "/home/kavia/workspace/code-generation/gourmet-delivery-platform-202466-202475/backend_api/src/api/generate_openapi.py", "pattern": "/^output_dir = \"interfaces\"$/", "language": "Python", "kind": "variable"}, {"_type": "tag", "name": "output_path", "path": "/home/kavia/workspace/code-generation/gourmet-delivery-platform-202466-202475/backend_api/src/api/generate_openapi.py", "pattern": "/^output_path = os.path.join(output_dir, \"openapi.json\")$/", "language": "Python", "kind": "variable"}], "hash": "61e3715e79bc397fab3e70f503a41417", "format-version": 4, "code-base-name": "backend_api", "filename": "backend_api/src/api/generate_openapi.py", "fields": [{"name": "openapi_schema = app.openapi()", "scope": "", "scopeKind": "", "description": "unavailable"}, {"name": "output_dir = \"interfaces\"", "scope": "", "scopeKind": "", "description": "unavailable"}, {"name": "output_path = os.path.join(output_dir, \"openapi.json\")", "scope": "", "scopeKind": "", "description": "unavailable"}], "revision_history": [{"7": "5384d3fc4d9a204a20a62b290e66f68f96ce84dd"}]}