{"is_source_file": true, "format": "Python", "description": "This file sets up a FastAPI application with CORS middleware and defines a health check endpoint.", "external_files": ["fastapi", "fastapi.middleware.cors"], "external_methods": ["FastAPI", "CORSMiddleware"], "published": ["app"], "classes": [], "methods": [{"name": "health_check()", "description": "A simple endpoint returning a health status message.", "scope": "", "scopeKind": ""}], "calls": ["FastAPI()", "app.add_middleware", "CORSMiddleware", "app.get"], "search-terms": ["FastAPI", "CORS middleware", "health check endpoint", "main.py", "backend_api"], "state": 2, "file_id": 2, "knowledge_revision": 9, "git_revision": "5384d3fc4d9a204a20a62b290e66f68f96ce84dd", "ctags": [{"_type": "tag", "name": "app", "path": "/home/kavia/workspace/code-generation/gourmet-delivery-platform-202466-202475/backend_api/src/api/main.py", "pattern": "/^app = FastAPI()$/", "language": "Python", "kind": "variable"}, {"_type": "tag", "name": "health_check", "path": "/home/kavia/workspace/code-generation/gourmet-delivery-platform-202466-202475/backend_api/src/api/main.py", "pattern": "/^def health_check():$/", "language": "Python", "kind": "function", "signature": "()"}], "hash": "58352bf5f133908bab16643199aa483d", "format-version": 4, "code-base-name": "backend_api", "filename": "backend_api/src/api/main.py", "fields": [{"name": "app = FastAPI()", "scope": "", "scopeKind": "", "description": "unavailable"}], "revision_history": [{"9": "5384d3fc4d9a204a20a62b290e66f68f96ce84dd"}]}